<?xml version="1.0" encoding="UTF-8"?>
<project-private xmlns="http://www.netbeans.org/ns/project-private/1">
    <editor-bookmarks xmlns="http://www.netbeans.org/ns/editor-bookmarks/2" lastBookmarkId="0"/>
    <open-files xmlns="http://www.netbeans.org/ns/projectui-open-files/2">
        <group>
            <file>file:/C:/Users/Dell/Documents/NetBeansProjects/CricInfo/src/cricinfo/CricInfo.java</file>
            <file>file:/C:/Users/Dell/Documents/NetBeansProjects/CricInfo/src/cricinfo/Zimbabwe.java</file>
            <file>file:/C:/Users/Dell/Documents/NetBeansProjects/CricInfo/src/cricinfo/Australia.java</file>
            <file>file:/C:/Users/Dell/Documents/NetBeansProjects/CricInfo/src/cricinfo/LogIn.java</file>
            <file>file:/C:/Users/Dell/Documents/NetBeansProjects/CricInfo/src/cricinfo/Tables.java</file>
            <file>file:/C:/Users/Dell/Documents/NetBeansProjects/CricInfo/src/cricinfo/Countries.java</file>
            <file>file:/C:/Users/Dell/Documents/NetBeansProjects/CricInfo/src/cricinfo/SouthAfrica.java</file>
            <file>file:/C:/Users/Dell/Documents/NetBeansProjects/CricInfo/src/cricinfo/England.java</file>
            <file>file:/C:/Users/Dell/Documents/NetBeansProjects/CricInfo/src/cricinfo/SRILANKA.java</file>
            <file>file:/C:/Users/Dell/Documents/NetBeansProjects/CricInfo/src/cricinfo/Bangladesh.java</file>
            <file>file:/C:/Users/Dell/Documents/NetBeansProjects/CricInfo/src/cricinfo/WestIndies.java</file>
            <file>file:/C:/Users/Dell/Documents/NetBeansProjects/CricInfo/src/cricinfo/INDIA.java</file>
            <file>file:/C:/Users/Dell/Documents/NetBeansProjects/CricInfo/src/cricinfo/Afganistan.java</file>
            <file>file:/C:/Users/Dell/Documents/NetBeansProjects/CricInfo/src/cricinfo/Pakistan.java</file>
        </group>
    </open-files>
</project-private>
